,title,yearPhDgraduation,phd_institution,curr_affiliation,curr_position,pub_affiliation,pub_position,name_corrections
339,The Return To Capital In China,1992.0,harvard university,tsinghua university,professor,tsinghua university,,Chong-En Bai
340,The Long Shadow Of A Fiscal Expansion,1992.0,harvard university,tsinghua university,professor,tsinghua university,,Chong-En Bai
341,Special Deals with Chinese Characteristics,1992.0,harvard university,tsinghua university,professor,tsinghua university,professor,Chong-En Bai
342,Special Deals From Special Investors: The Rise Of State-Connected Private Owners In China,1992.0,harvard university,tsinghua university,professor,tsinghua university,professor,Chong-En Bai
343,Entrepreneurial Reluctance: Talent and Firm Creation in China,1992.0,harvard university,tsinghua university,professor,tsinghua university,professor,Chong-En Bai
