,title,yearPhDgraduation,phd_institution,curr_affiliation,curr_position,pub_affiliation,pub_position,name_corrections
431,Policies For Decarbonizing A Liberalized Power Sector,1965.0,university of cambridge,university of cambridge,professor emeritus,university of cambridge,professor emeritus,David M G Newbery
432,Evaluating The Case For Supporting Renewable Electricity,1965.0,university of cambridge,university of cambridge,professor emeritus,university of cambridge,professor emeritus,David M G Newbery
433,The Case For Supporting Renewable Electricity,1965.0,university of cambridge,university of cambridge,professor emeritus,university of cambridge,professor emeritus,David M G Newbery
434,Transport policy for a post-Covid UK,1965.0,university of cambridge,university of cambridge,professor emeritus,university of cambridge,professor emeritus,David M G Newbery
435,Transport policy for a post-Covid UK,1965.0,university of cambridge,university of cambridge,professor emeritus,cambridge university,professor,David M G Newbery
