,title,yearPhDgraduation,phd_institution,curr_affiliation,curr_position,pub_affiliation,pub_position,name_corrections
675,A Finance Approach To Climate Stress Testing,,erasmus university,world bank,economist,world bank,economist,Henk Jan Reinders
676,Is COVID-19 a threat to financial stability in Europe?,,erasmus university,world bank,economist,world bank,economist,Henk Jan Reinders
677,Is COVID-19 a threat to financial stability in Europe?,,erasmus university,world bank,economist,erasmus university,phd student,Henk Jan Reinders
678,The COVID-19 threat to financial stability in Europe,,erasmus university,world bank,economist,world bank,economist,Henk Jan Reinders
