,title,yearPhDgraduation,phd_institution,curr_affiliation,curr_position,pub_affiliation,pub_position,name_corrections
683,Cash Flow Multipliers And Optimal Investment Decisions,2002.0,technical university of kaiserslautern,goethe university,professor,goethe university,professor,Holger Kraft
684,Growth Options And Firm Valuation,2002.0,technical university of kaiserslautern,goethe university,professor,goethe university,professor,Holger Kraft
685,Optimal Carbon Abatement In A Stochastic Equilibrium Model With Climate Change,2002.0,technical university of kaiserslautern,goethe university,professor,goethe university,professor,Holger Kraft
686,The Carbon Abatement Game,2002.0,technical university of kaiserslautern,goethe university,professor,goethe university,professor,Holger Kraft
687,Asset diversification versus climate action,2002.0,technical university of kaiserslautern,goethe university,professor,goethe university,professor,Holger Kraft
