,title,yearPhDgraduation,phd_institution,curr_affiliation,curr_position,pub_affiliation,pub_position,name_corrections
1010,Shopping Externalities And Retail Concentration: Evidence From Dutch Shopping Streets,1996.0,vrije universiteit,vrije universiteit,full professor,vrije universiteit,full professor,Jos Van Ommeren
1011,Short-Term Rentals And The Housing Market: Quasi-Experimental Evidence From Airbnb In Los Angeles,1996.0,vrije universiteit,vrije universiteit,full professor,vrije universiteit,full professor,Jos Van Ommeren
1012,Short-Term Rentals And The Housing Market,1996.0,vrije universiteit,vrije universiteit,full professor,vrije universiteit,full professor,Jos Van Ommeren
1013,Inter-Firm Transaction Networks And Location In A City,1996.0,vrije universiteit,vrije universiteit,full professor,vrije universiteit,full professor,Jos Van Ommeren
1014,Automobiles And Urban Density,1996.0,vrije universiteit,vrije universiteit,full professor,vrije universiteit,full professor,Jos Van Ommeren
1015,Covid-19 and Shopping Streets,1996.0,vu amsterdam,vu amsterdam,professor,vu amsterdam,professor,Jos Van Ommeren
