,title,yearPhDgraduation,phd_institution,curr_affiliation,curr_position,pub_affiliation,pub_position,name_corrections
1147,Understanding What Works For Active Labour Market Policies,2018.0,universidad torcuato di tella,universidad torcuato di tella,project coordinator,universidad torcuato di tella,project coordinator,Luca Sartorio
1148,Work After Covid: A New Regime For Independent Workers,2018.0,universidad torcuato di tella,universidad torcuato di tella,project coordinator,universidad torcuato di tella,project coordinator,Luca Sartorio
1149,Take Me Out: De Facto Limits On Strict Lockdowns In Developing Countries,2018.0,universidad torcuato di tella,universidad torcuato di tella,project coordinator,universidad torcuato di tella,project coordinator,Luca Sartorio
1150,Lockdown Fatigue: The Diminishing Effects Of Quarantines On The Spread Of Covid-19,2018.0,universidad torcuato di tella,universidad torcuato di tella,project coordinator,universidad torcuato di tella,project coordinator,Luca Sartorio
1151,The declining effectiveness of lockdowns,2018.0,universidad torcuato di tella,universidad torcuato di tella,project coordinator,harvard university,graduate student,Luca Sartorio
