,title,yearPhDgraduation,phd_institution,curr_affiliation,curr_position,pub_affiliation,pub_position,name_corrections
1163,Sovereign Rating Changes: Understanding The Asymmetries,1994.0,cornell university,"cornell university, universidad nacional de educaci??n a distancia",phd student,"bank of spain, universidad nacional de educaci??n a distancia",senior economist,Luis Molina Sanchez
1164,Communication In Context: Interpreting Promises In An Experiment On Competition And Trust,1994.0,cornell university,"cornell university, universidad nacional de educaci??n a distancia",phd student,"cornell university, universidad nacional de educaci??n a distancia",phd student,Luis Molina Sanchez
1165,Storable Votes And Quadratic Voting  An Experiment On Four California Propositions,1994.0,cornell university,"cornell university, universidad nacional de educaci??n a distancia",phd student,cornell university,phd candidate,Luis Molina Sanchez
1166,Storable Votes and Quadratic Voting. An Experiment on Four California Propositions,1994.0,cornell university,"cornell university, universidad nacional de educaci??n a distancia",phd student,"cornell university, universidad nacional de educaci??n a distancia",phd student,Luis Molina Sanchez
