,title,yearPhDgraduation,phd_institution,curr_affiliation,curr_position,pub_affiliation,pub_position,name_corrections
1603,The Stability Threshold And Two Facts Of Polarization,1986.0,university rennes?Ç¬†,university of toulouse i,professor,university of toulouse i,professor,Michel Le Breton
1604,Nation Formation And Genetic Diversity,1986.0,university rennes?Ç¬†,university of toulouse i,professor,university of toulouse i,professor,Michel Le Breton
1605,On The (Sequential) Majority Choice Of Public Good Size And Location,1986.0,university rennes?Ç¬†,university of toulouse i,professor,university of toulouse i,professor,Michel Le Breton
1606,Existence Of Pure Strategies Nash Equilibria In Social Interaction Games With Dyadic Externalities,1986.0,university rennes?Ç¬†,university of toulouse i,professor,university of toulouse i,professor,Michel Le Breton
1607,Majority Voting In Multidimensional Policy Spaces: Kramer-Shepsle Versus Stackelberg,1986.0,university rennes?Ç¬†,university of toulouse i,professor,university of toulouse i,professor,Michel Le Breton
1608,A Game-Theoretical Model of the Landscape Theory,1986.0,university rennes?Ç¬†,university of toulouse i,professor,toulouse 1 capitole university,professor,Michel Le Breton
1609,Did The Cold War Produce Development Clusters In Africa?,1986.0,university rennes?Ç¬†,university of toulouse i,professor,toulouse 1 capitole university,professor,Michel Le Breton
