,title,yearPhDgraduation,phd_institution,curr_affiliation,curr_position,pub_affiliation,pub_position,name_corrections
1675,Impact Of Bilingual Education Programs On Limited English Proficient Students And Their Peers: Regression Discontinuity Evidence From Texas,2009.0,university of maryland at college park,qbe re,associate professor,ecares,economist,N Meltem Daysal
1676,"Home Prices, Fertility, and Early-Life Health Outcomes",2009.0,university of maryland at college park,qbe re,associate professor,ecares,economist,N Meltem Daysal
1677,"Home Prices, Fertility, and Early-Life Health Outcomes",2009.0,university of maryland at college park,qbe re,associate professor,university of copenhagen,associate professor,N Meltem Daysal
1678,"Parental Skills, Assortative Mating, and the Incidence of Autism Spectrum Disorder",2009.0,university of maryland at college park,qbe re,associate professor,university of copenhagen,associate professor,N Meltem Daysal
