,title,yearPhDgraduation,phd_institution,curr_affiliation,curr_position,pub_affiliation,pub_position,name_corrections
2092,Independent Media and Religiosity,2015.0,assistant professor,kings college london,assistant professor,kings college london,assistant professor,Seyhun Orcan Sakalli
2093,Middleman Minorities And Ethnic Violence: Anti-Jewish Pogroms In The Russian Empire,2015.0,paris school of economics,king's college london,lecturer in economics,university of lausanne,postdoctoral fellow,Seyhun Orcan Sakalli
2094,Political And Economic Drivers Of Pogroms,2015.0,paris school of economics,king's college london,lecturer in economics,king's college london,lecturer in economics,Seyhun Orcan Sakalli
2095,The Refugees Dilemma: Evidence From Jewish Migration Out Of Nazi Germany,2015.0,paris school of economics,king's college london,lecturer in economics,king's college london,lecturer in economics,Seyhun Orcan Sakalli
2096,How Asylum Policies Deterred Jewish Migration Out Of Nazi Germany,2015.0,paris school of economics,king's college london,lecturer in economics,king's college london,lecturer in economics,Seyhun Orcan Sakalli
