,title,yearPhDgraduation,phd_institution,curr_affiliation,curr_position,pub_affiliation,pub_position,name_corrections
2125,Uncertainty And Economic Activity: Evidence From Business Survey Data,2012.0,lmu munich,german supreme audit institution,audit manager,lmu munich,phd student,Steffen Elstner
2126,Firms' Optimism And Pessimism,2012.0,lmu munich,german supreme audit institution,audit manager,ifo institute,postdoc,Steffen Elstner
2127,Time-Varying Business Volatility And The Price Setting Of Firms,2012.0,lmu munich,german supreme audit institution,audit manager,ifo institute,postdoc,Steffen Elstner
2128,Time-Varying Business Volatility And The Price Setting Of Firms,2012.0,lmu munich,german supreme audit institution,audit manager,german council of economic experts,economist,Steffen Elstner
2129,"Surprise, Surprise - Measuring Firm-Level Investment Innovations",2012.0,lmu munich,german supreme audit institution,audit manager,rwi leibniz institute,postdoc,Steffen Elstner
2130,Uncertainty And The Great Recession,2012.0,lmu munich,german supreme audit institution,audit manager,rwi leibniz institute,postdoc,Steffen Elstner
2131,Unraveling the Productivity Paradox: Evidence for Germany,2012.0,lmu munich,german supreme audit institution,audit manager,german supreme audit institution,audit manager,Steffen Elstner
