,title,yearPhDgraduation,phd_institution,curr_affiliation,curr_position,pub_affiliation,pub_position,name_corrections
2305,Flattening The Curve: Pandemic-Induced Revaluation Of Urban Real Estate,,columbia business school,columbia business school,phd student,columbia business school,phd student,Vrinda Mittal
2306,The Effect Of Stock Ownership On Individual Spending And Loyalty,,columbia business school,columbia business school,phd student,columbia business school,phd student,Vrinda Mittal
2307,Flattening the Curve: Pandemic-Induced Revaluation of Urban Real Estate,,columbia business school,columbia business school,phd student,columbia business school,phd student,Vrinda Mittal
2308,Flattening the Curve: Pandemic-Induced Revaluation of Urban Real Estate,,columbia business school,columbia business school,phd student,columbia business school,phd student,Vrinda Mittal
