,title,yearPhDgraduation,phd_institution,curr_affiliation,curr_position,pub_affiliation,pub_position,name_corrections
2322,Effects Of Title Ix And Sports Participation On Girls' Physical Activity And Weight,2008.0,university of illinois chicago,u.s. department of health and human services,health economist,university of illinois chicago,phd student,Xin Xu
2323,The Business Cycle And Health Behaviors,2008.0,university of illinois chicago,u.s. department of health and human services,health economist,university of illinois at chicago,,Xin Xu
2324,"Cigarette Excise Taxation: The Impact Of Tax Structure On Prices, Revenues, And Cigarette Smoking",2008.0,university of illinois chicago,u.s. department of health and human services,health economist,university of illinois at chicago,,Xin Xu
2325,Tobacco Taxes: New Evidence On The Implications For Public Health,2008.0,university of illinois chicago,u.s. department of health and human services,health economist,university of illinois at chicago,,Xin Xu
